contract_id,contract_text,clause_type
1,This agreement contains a termination clause applicable to both parties and outlines obligations.,Termination
2,This agreement contains a termination clause applicable to both parties and outlines obligations.,Termination
3,This agreement contains a confidentiality clause applicable to both parties and outlines obligations.,Confidentiality
4,This agreement contains a payment clause applicable to both parties and outlines obligations.,Payment
5,This agreement contains a payment clause applicable to both parties and outlines obligations.,Payment
6,This agreement contains a payment clause applicable to both parties and outlines obligations.,Payment
7,This agreement contains a termination clause applicable to both parties and outlines obligations.,Termination
8,This agreement contains a non-compete clause applicable to both parties and outlines obligations.,Non-Compete
9,This agreement contains a termination clause applicable to both parties and outlines obligations.,Termination
10,This agreement contains a non-compete clause applicable to both parties and outlines obligations.,Non-Compete
11,This agreement contains a liability clause applicable to both parties and outlines obligations.,Liability
12,This agreement contains a termination clause applicable to both parties and outlines obligations.,Termination
13,This agreement contains a termination clause applicable to both parties and outlines obligations.,Termination
14,This agreement contains a termination clause applicable to both parties and outlines obligations.,Termination
15,This agreement contains a payment clause applicable to both parties and outlines obligations.,Payment
16,This agreement contains a payment clause applicable to both parties and outlines obligations.,Payment
17,This agreement contains a non-compete clause applicable to both parties and outlines obligations.,Non-Compete
18,This agreement contains a non-compete clause applicable to both parties and outlines obligations.,Non-Compete
19,This agreement contains a termination clause applicable to both parties and outlines obligations.,Termination
20,This agreement contains a non-compete clause applicable to both parties and outlines obligations.,Non-Compete
21,This agreement contains a payment clause applicable to both parties and outlines obligations.,Payment
22,This agreement contains a non-compete clause applicable to both parties and outlines obligations.,Non-Compete
23,This agreement contains a liability clause applicable to both parties and outlines obligations.,Liability
24,This agreement contains a payment clause applicable to both parties and outlines obligations.,Payment
25,This agreement contains a liability clause applicable to both parties and outlines obligations.,Liability
26,This agreement contains a non-compete clause applicable to both parties and outlines obligations.,Non-Compete
27,This agreement contains a confidentiality clause applicable to both parties and outlines obligations.,Confidentiality
28,This agreement contains a termination clause applicable to both parties and outlines obligations.,Termination
29,This agreement contains a payment clause applicable to both parties and outlines obligations.,Payment
30,This agreement contains a liability clause applicable to both parties and outlines obligations.,Liability
31,This agreement contains a confidentiality clause applicable to both parties and outlines obligations.,Confidentiality
32,This agreement contains a confidentiality clause applicable to both parties and outlines obligations.,Confidentiality
33,This agreement contains a payment clause applicable to both parties and outlines obligations.,Payment
34,This agreement contains a payment clause applicable to both parties and outlines obligations.,Payment
35,This agreement contains a confidentiality clause applicable to both parties and outlines obligations.,Confidentiality
36,This agreement contains a termination clause applicable to both parties and outlines obligations.,Termination
37,This agreement contains a termination clause applicable to both parties and outlines obligations.,Termination
38,This agreement contains a liability clause applicable to both parties and outlines obligations.,Liability
39,This agreement contains a termination clause applicable to both parties and outlines obligations.,Termination
40,This agreement contains a confidentiality clause applicable to both parties and outlines obligations.,Confidentiality
41,This agreement contains a confidentiality clause applicable to both parties and outlines obligations.,Confidentiality
42,This agreement contains a non-compete clause applicable to both parties and outlines obligations.,Non-Compete
43,This agreement contains a confidentiality clause applicable to both parties and outlines obligations.,Confidentiality
44,This agreement contains a termination clause applicable to both parties and outlines obligations.,Termination
45,This agreement contains a liability clause applicable to both parties and outlines obligations.,Liability
46,This agreement contains a non-compete clause applicable to both parties and outlines obligations.,Non-Compete
47,This agreement contains a termination clause applicable to both parties and outlines obligations.,Termination
48,This agreement contains a liability clause applicable to both parties and outlines obligations.,Liability
49,This agreement contains a termination clause applicable to both parties and outlines obligations.,Termination
50,This agreement contains a non-compete clause applicable to both parties and outlines obligations.,Non-Compete
51,This agreement contains a confidentiality clause applicable to both parties and outlines obligations.,Confidentiality
52,This agreement contains a non-compete clause applicable to both parties and outlines obligations.,Non-Compete
53,This agreement contains a confidentiality clause applicable to both parties and outlines obligations.,Confidentiality
54,This agreement contains a non-compete clause applicable to both parties and outlines obligations.,Non-Compete
55,This agreement contains a payment clause applicable to both parties and outlines obligations.,Payment
56,This agreement contains a termination clause applicable to both parties and outlines obligations.,Termination
57,This agreement contains a termination clause applicable to both parties and outlines obligations.,Termination
58,This agreement contains a payment clause applicable to both parties and outlines obligations.,Payment
59,This agreement contains a confidentiality clause applicable to both parties and outlines obligations.,Confidentiality
60,This agreement contains a termination clause applicable to both parties and outlines obligations.,Termination
61,This agreement contains a payment clause applicable to both parties and outlines obligations.,Payment
62,This agreement contains a termination clause applicable to both parties and outlines obligations.,Termination
63,This agreement contains a liability clause applicable to both parties and outlines obligations.,Liability
64,This agreement contains a confidentiality clause applicable to both parties and outlines obligations.,Confidentiality
65,This agreement contains a liability clause applicable to both parties and outlines obligations.,Liability
66,This agreement contains a confidentiality clause applicable to both parties and outlines obligations.,Confidentiality
67,This agreement contains a payment clause applicable to both parties and outlines obligations.,Payment
68,This agreement contains a confidentiality clause applicable to both parties and outlines obligations.,Confidentiality
69,This agreement contains a confidentiality clause applicable to both parties and outlines obligations.,Confidentiality
70,This agreement contains a payment clause applicable to both parties and outlines obligations.,Payment
71,This agreement contains a confidentiality clause applicable to both parties and outlines obligations.,Confidentiality
72,This agreement contains a termination clause applicable to both parties and outlines obligations.,Termination
73,This agreement contains a non-compete clause applicable to both parties and outlines obligations.,Non-Compete
74,This agreement contains a payment clause applicable to both parties and outlines obligations.,Payment
75,This agreement contains a non-compete clause applicable to both parties and outlines obligations.,Non-Compete
76,This agreement contains a payment clause applicable to both parties and outlines obligations.,Payment
77,This agreement contains a payment clause applicable to both parties and outlines obligations.,Payment
78,This agreement contains a liability clause applicable to both parties and outlines obligations.,Liability
79,This agreement contains a liability clause applicable to both parties and outlines obligations.,Liability
80,This agreement contains a confidentiality clause applicable to both parties and outlines obligations.,Confidentiality
81,This agreement contains a non-compete clause applicable to both parties and outlines obligations.,Non-Compete
82,This agreement contains a payment clause applicable to both parties and outlines obligations.,Payment
83,This agreement contains a confidentiality clause applicable to both parties and outlines obligations.,Confidentiality
84,This agreement contains a termination clause applicable to both parties and outlines obligations.,Termination
85,This agreement contains a payment clause applicable to both parties and outlines obligations.,Payment
86,This agreement contains a termination clause applicable to both parties and outlines obligations.,Termination
87,This agreement contains a confidentiality clause applicable to both parties and outlines obligations.,Confidentiality
88,This agreement contains a liability clause applicable to both parties and outlines obligations.,Liability
89,This agreement contains a confidentiality clause applicable to both parties and outlines obligations.,Confidentiality
90,This agreement contains a termination clause applicable to both parties and outlines obligations.,Termination
91,This agreement contains a payment clause applicable to both parties and outlines obligations.,Payment
92,This agreement contains a non-compete clause applicable to both parties and outlines obligations.,Non-Compete
93,This agreement contains a confidentiality clause applicable to both parties and outlines obligations.,Confidentiality
94,This agreement contains a payment clause applicable to both parties and outlines obligations.,Payment
95,This agreement contains a liability clause applicable to both parties and outlines obligations.,Liability
96,This agreement contains a liability clause applicable to both parties and outlines obligations.,Liability
97,This agreement contains a liability clause applicable to both parties and outlines obligations.,Liability
98,This agreement contains a payment clause applicable to both parties and outlines obligations.,Payment
99,This agreement contains a confidentiality clause applicable to both parties and outlines obligations.,Confidentiality
100,This agreement contains a payment clause applicable to both parties and outlines obligations.,Payment
101,This agreement contains a payment clause applicable to both parties and outlines obligations.,Payment
102,This agreement contains a non-compete clause applicable to both parties and outlines obligations.,Non-Compete
103,This agreement contains a non-compete clause applicable to both parties and outlines obligations.,Non-Compete
104,This agreement contains a confidentiality clause applicable to both parties and outlines obligations.,Confidentiality
105,This agreement contains a non-compete clause applicable to both parties and outlines obligations.,Non-Compete
106,This agreement contains a liability clause applicable to both parties and outlines obligations.,Liability
107,This agreement contains a non-compete clause applicable to both parties and outlines obligations.,Non-Compete
108,This agreement contains a liability clause applicable to both parties and outlines obligations.,Liability
109,This agreement contains a confidentiality clause applicable to both parties and outlines obligations.,Confidentiality
110,This agreement contains a payment clause applicable to both parties and outlines obligations.,Payment
111,This agreement contains a payment clause applicable to both parties and outlines obligations.,Payment
112,This agreement contains a non-compete clause applicable to both parties and outlines obligations.,Non-Compete
113,This agreement contains a liability clause applicable to both parties and outlines obligations.,Liability
114,This agreement contains a termination clause applicable to both parties and outlines obligations.,Termination
115,This agreement contains a termination clause applicable to both parties and outlines obligations.,Termination
116,This agreement contains a termination clause applicable to both parties and outlines obligations.,Termination
117,This agreement contains a payment clause applicable to both parties and outlines obligations.,Payment
118,This agreement contains a payment clause applicable to both parties and outlines obligations.,Payment
119,This agreement contains a liability clause applicable to both parties and outlines obligations.,Liability
120,This agreement contains a non-compete clause applicable to both parties and outlines obligations.,Non-Compete
121,This agreement contains a termination clause applicable to both parties and outlines obligations.,Termination
122,This agreement contains a liability clause applicable to both parties and outlines obligations.,Liability
123,This agreement contains a liability clause applicable to both parties and outlines obligations.,Liability
124,This agreement contains a non-compete clause applicable to both parties and outlines obligations.,Non-Compete
125,This agreement contains a liability clause applicable to both parties and outlines obligations.,Liability
126,This agreement contains a non-compete clause applicable to both parties and outlines obligations.,Non-Compete
127,This agreement contains a confidentiality clause applicable to both parties and outlines obligations.,Confidentiality
128,This agreement contains a non-compete clause applicable to both parties and outlines obligations.,Non-Compete
129,This agreement contains a termination clause applicable to both parties and outlines obligations.,Termination
130,This agreement contains a termination clause applicable to both parties and outlines obligations.,Termination
131,This agreement contains a non-compete clause applicable to both parties and outlines obligations.,Non-Compete
132,This agreement contains a confidentiality clause applicable to both parties and outlines obligations.,Confidentiality
133,This agreement contains a confidentiality clause applicable to both parties and outlines obligations.,Confidentiality
134,This agreement contains a termination clause applicable to both parties and outlines obligations.,Termination
135,This agreement contains a confidentiality clause applicable to both parties and outlines obligations.,Confidentiality
136,This agreement contains a liability clause applicable to both parties and outlines obligations.,Liability
137,This agreement contains a payment clause applicable to both parties and outlines obligations.,Payment
138,This agreement contains a liability clause applicable to both parties and outlines obligations.,Liability
139,This agreement contains a termination clause applicable to both parties and outlines obligations.,Termination
140,This agreement contains a confidentiality clause applicable to both parties and outlines obligations.,Confidentiality
141,This agreement contains a non-compete clause applicable to both parties and outlines obligations.,Non-Compete
142,This agreement contains a payment clause applicable to both parties and outlines obligations.,Payment
143,This agreement contains a non-compete clause applicable to both parties and outlines obligations.,Non-Compete
144,This agreement contains a termination clause applicable to both parties and outlines obligations.,Termination
145,This agreement contains a confidentiality clause applicable to both parties and outlines obligations.,Confidentiality
146,This agreement contains a non-compete clause applicable to both parties and outlines obligations.,Non-Compete
147,This agreement contains a non-compete clause applicable to both parties and outlines obligations.,Non-Compete
148,This agreement contains a payment clause applicable to both parties and outlines obligations.,Payment
149,This agreement contains a payment clause applicable to both parties and outlines obligations.,Payment
150,This agreement contains a confidentiality clause applicable to both parties and outlines obligations.,Confidentiality
151,This agreement contains a payment clause applicable to both parties and outlines obligations.,Payment
152,This agreement contains a non-compete clause applicable to both parties and outlines obligations.,Non-Compete
153,This agreement contains a non-compete clause applicable to both parties and outlines obligations.,Non-Compete
154,This agreement contains a termination clause applicable to both parties and outlines obligations.,Termination
155,This agreement contains a non-compete clause applicable to both parties and outlines obligations.,Non-Compete
156,This agreement contains a confidentiality clause applicable to both parties and outlines obligations.,Confidentiality
157,This agreement contains a liability clause applicable to both parties and outlines obligations.,Liability
158,This agreement contains a termination clause applicable to both parties and outlines obligations.,Termination
159,This agreement contains a termination clause applicable to both parties and outlines obligations.,Termination
160,This agreement contains a confidentiality clause applicable to both parties and outlines obligations.,Confidentiality
161,This agreement contains a confidentiality clause applicable to both parties and outlines obligations.,Confidentiality
162,This agreement contains a payment clause applicable to both parties and outlines obligations.,Payment
163,This agreement contains a termination clause applicable to both parties and outlines obligations.,Termination
164,This agreement contains a payment clause applicable to both parties and outlines obligations.,Payment
165,This agreement contains a non-compete clause applicable to both parties and outlines obligations.,Non-Compete
166,This agreement contains a termination clause applicable to both parties and outlines obligations.,Termination
167,This agreement contains a termination clause applicable to both parties and outlines obligations.,Termination
168,This agreement contains a liability clause applicable to both parties and outlines obligations.,Liability
169,This agreement contains a termination clause applicable to both parties and outlines obligations.,Termination
170,This agreement contains a non-compete clause applicable to both parties and outlines obligations.,Non-Compete
171,This agreement contains a payment clause applicable to both parties and outlines obligations.,Payment
172,This agreement contains a payment clause applicable to both parties and outlines obligations.,Payment
173,This agreement contains a liability clause applicable to both parties and outlines obligations.,Liability
174,This agreement contains a non-compete clause applicable to both parties and outlines obligations.,Non-Compete
175,This agreement contains a payment clause applicable to both parties and outlines obligations.,Payment
176,This agreement contains a confidentiality clause applicable to both parties and outlines obligations.,Confidentiality
177,This agreement contains a non-compete clause applicable to both parties and outlines obligations.,Non-Compete
178,This agreement contains a non-compete clause applicable to both parties and outlines obligations.,Non-Compete
179,This agreement contains a liability clause applicable to both parties and outlines obligations.,Liability
180,This agreement contains a payment clause applicable to both parties and outlines obligations.,Payment
181,This agreement contains a non-compete clause applicable to both parties and outlines obligations.,Non-Compete
182,This agreement contains a payment clause applicable to both parties and outlines obligations.,Payment
183,This agreement contains a confidentiality clause applicable to both parties and outlines obligations.,Confidentiality
184,This agreement contains a liability clause applicable to both parties and outlines obligations.,Liability
185,This agreement contains a confidentiality clause applicable to both parties and outlines obligations.,Confidentiality
186,This agreement contains a liability clause applicable to both parties and outlines obligations.,Liability
187,This agreement contains a non-compete clause applicable to both parties and outlines obligations.,Non-Compete
188,This agreement contains a liability clause applicable to both parties and outlines obligations.,Liability
189,This agreement contains a termination clause applicable to both parties and outlines obligations.,Termination
190,This agreement contains a payment clause applicable to both parties and outlines obligations.,Payment
191,This agreement contains a payment clause applicable to both parties and outlines obligations.,Payment
192,This agreement contains a termination clause applicable to both parties and outlines obligations.,Termination
193,This agreement contains a confidentiality clause applicable to both parties and outlines obligations.,Confidentiality
194,This agreement contains a termination clause applicable to both parties and outlines obligations.,Termination
195,This agreement contains a non-compete clause applicable to both parties and outlines obligations.,Non-Compete
196,This agreement contains a non-compete clause applicable to both parties and outlines obligations.,Non-Compete
197,This agreement contains a payment clause applicable to both parties and outlines obligations.,Payment
198,This agreement contains a non-compete clause applicable to both parties and outlines obligations.,Non-Compete
199,This agreement contains a payment clause applicable to both parties and outlines obligations.,Payment
200,This agreement contains a termination clause applicable to both parties and outlines obligations.,Termination
201,This agreement contains a termination clause applicable to both parties and outlines obligations.,Termination
202,This agreement contains a termination clause applicable to both parties and outlines obligations.,Termination
203,This agreement contains a payment clause applicable to both parties and outlines obligations.,Payment
204,This agreement contains a termination clause applicable to both parties and outlines obligations.,Termination
205,This agreement contains a termination clause applicable to both parties and outlines obligations.,Termination
206,This agreement contains a confidentiality clause applicable to both parties and outlines obligations.,Confidentiality
207,This agreement contains a termination clause applicable to both parties and outlines obligations.,Termination
208,This agreement contains a non-compete clause applicable to both parties and outlines obligations.,Non-Compete
209,This agreement contains a payment clause applicable to both parties and outlines obligations.,Payment
210,This agreement contains a confidentiality clause applicable to both parties and outlines obligations.,Confidentiality
211,This agreement contains a liability clause applicable to both parties and outlines obligations.,Liability
212,This agreement contains a payment clause applicable to both parties and outlines obligations.,Payment
213,This agreement contains a non-compete clause applicable to both parties and outlines obligations.,Non-Compete
214,This agreement contains a payment clause applicable to both parties and outlines obligations.,Payment
215,This agreement contains a non-compete clause applicable to both parties and outlines obligations.,Non-Compete
216,This agreement contains a non-compete clause applicable to both parties and outlines obligations.,Non-Compete
217,This agreement contains a liability clause applicable to both parties and outlines obligations.,Liability
218,This agreement contains a payment clause applicable to both parties and outlines obligations.,Payment
219,This agreement contains a liability clause applicable to both parties and outlines obligations.,Liability
220,This agreement contains a liability clause applicable to both parties and outlines obligations.,Liability
221,This agreement contains a payment clause applicable to both parties and outlines obligations.,Payment
222,This agreement contains a termination clause applicable to both parties and outlines obligations.,Termination
223,This agreement contains a termination clause applicable to both parties and outlines obligations.,Termination
224,This agreement contains a liability clause applicable to both parties and outlines obligations.,Liability
225,This agreement contains a confidentiality clause applicable to both parties and outlines obligations.,Confidentiality
226,This agreement contains a liability clause applicable to both parties and outlines obligations.,Liability
227,This agreement contains a liability clause applicable to both parties and outlines obligations.,Liability
228,This agreement contains a liability clause applicable to both parties and outlines obligations.,Liability
229,This agreement contains a termination clause applicable to both parties and outlines obligations.,Termination
230,This agreement contains a termination clause applicable to both parties and outlines obligations.,Termination
231,This agreement contains a termination clause applicable to both parties and outlines obligations.,Termination
232,This agreement contains a liability clause applicable to both parties and outlines obligations.,Liability
233,This agreement contains a confidentiality clause applicable to both parties and outlines obligations.,Confidentiality
234,This agreement contains a termination clause applicable to both parties and outlines obligations.,Termination
235,This agreement contains a payment clause applicable to both parties and outlines obligations.,Payment
236,This agreement contains a payment clause applicable to both parties and outlines obligations.,Payment
237,This agreement contains a payment clause applicable to both parties and outlines obligations.,Payment
238,This agreement contains a non-compete clause applicable to both parties and outlines obligations.,Non-Compete
239,This agreement contains a liability clause applicable to both parties and outlines obligations.,Liability
240,This agreement contains a payment clause applicable to both parties and outlines obligations.,Payment
241,This agreement contains a liability clause applicable to both parties and outlines obligations.,Liability
242,This agreement contains a payment clause applicable to both parties and outlines obligations.,Payment
243,This agreement contains a confidentiality clause applicable to both parties and outlines obligations.,Confidentiality
244,This agreement contains a liability clause applicable to both parties and outlines obligations.,Liability
245,This agreement contains a payment clause applicable to both parties and outlines obligations.,Payment
246,This agreement contains a termination clause applicable to both parties and outlines obligations.,Termination
247,This agreement contains a liability clause applicable to both parties and outlines obligations.,Liability
248,This agreement contains a non-compete clause applicable to both parties and outlines obligations.,Non-Compete
249,This agreement contains a termination clause applicable to both parties and outlines obligations.,Termination
250,This agreement contains a termination clause applicable to both parties and outlines obligations.,Termination
251,This agreement contains a non-compete clause applicable to both parties and outlines obligations.,Non-Compete
252,This agreement contains a termination clause applicable to both parties and outlines obligations.,Termination
253,This agreement contains a termination clause applicable to both parties and outlines obligations.,Termination
254,This agreement contains a payment clause applicable to both parties and outlines obligations.,Payment
255,This agreement contains a payment clause applicable to both parties and outlines obligations.,Payment
256,This agreement contains a liability clause applicable to both parties and outlines obligations.,Liability
257,This agreement contains a liability clause applicable to both parties and outlines obligations.,Liability
258,This agreement contains a liability clause applicable to both parties and outlines obligations.,Liability
259,This agreement contains a payment clause applicable to both parties and outlines obligations.,Payment
260,This agreement contains a liability clause applicable to both parties and outlines obligations.,Liability
261,This agreement contains a termination clause applicable to both parties and outlines obligations.,Termination
262,This agreement contains a payment clause applicable to both parties and outlines obligations.,Payment
263,This agreement contains a liability clause applicable to both parties and outlines obligations.,Liability
264,This agreement contains a termination clause applicable to both parties and outlines obligations.,Termination
265,This agreement contains a liability clause applicable to both parties and outlines obligations.,Liability
266,This agreement contains a confidentiality clause applicable to both parties and outlines obligations.,Confidentiality
267,This agreement contains a liability clause applicable to both parties and outlines obligations.,Liability
268,This agreement contains a confidentiality clause applicable to both parties and outlines obligations.,Confidentiality
269,This agreement contains a liability clause applicable to both parties and outlines obligations.,Liability
270,This agreement contains a non-compete clause applicable to both parties and outlines obligations.,Non-Compete
271,This agreement contains a liability clause applicable to both parties and outlines obligations.,Liability
272,This agreement contains a payment clause applicable to both parties and outlines obligations.,Payment
273,This agreement contains a payment clause applicable to both parties and outlines obligations.,Payment
274,This agreement contains a confidentiality clause applicable to both parties and outlines obligations.,Confidentiality
275,This agreement contains a payment clause applicable to both parties and outlines obligations.,Payment
276,This agreement contains a termination clause applicable to both parties and outlines obligations.,Termination
277,This agreement contains a non-compete clause applicable to both parties and outlines obligations.,Non-Compete
278,This agreement contains a non-compete clause applicable to both parties and outlines obligations.,Non-Compete
279,This agreement contains a termination clause applicable to both parties and outlines obligations.,Termination
280,This agreement contains a confidentiality clause applicable to both parties and outlines obligations.,Confidentiality
281,This agreement contains a termination clause applicable to both parties and outlines obligations.,Termination
282,This agreement contains a termination clause applicable to both parties and outlines obligations.,Termination
283,This agreement contains a non-compete clause applicable to both parties and outlines obligations.,Non-Compete
284,This agreement contains a liability clause applicable to both parties and outlines obligations.,Liability
285,This agreement contains a non-compete clause applicable to both parties and outlines obligations.,Non-Compete
286,This agreement contains a non-compete clause applicable to both parties and outlines obligations.,Non-Compete
287,This agreement contains a payment clause applicable to both parties and outlines obligations.,Payment
288,This agreement contains a termination clause applicable to both parties and outlines obligations.,Termination
289,This agreement contains a non-compete clause applicable to both parties and outlines obligations.,Non-Compete
290,This agreement contains a termination clause applicable to both parties and outlines obligations.,Termination
291,This agreement contains a payment clause applicable to both parties and outlines obligations.,Payment
292,This agreement contains a termination clause applicable to both parties and outlines obligations.,Termination
293,This agreement contains a non-compete clause applicable to both parties and outlines obligations.,Non-Compete
294,This agreement contains a termination clause applicable to both parties and outlines obligations.,Termination
295,This agreement contains a payment clause applicable to both parties and outlines obligations.,Payment
296,This agreement contains a liability clause applicable to both parties and outlines obligations.,Liability
297,This agreement contains a termination clause applicable to both parties and outlines obligations.,Termination
298,This agreement contains a non-compete clause applicable to both parties and outlines obligations.,Non-Compete
299,This agreement contains a payment clause applicable to both parties and outlines obligations.,Payment
300,This agreement contains a non-compete clause applicable to both parties and outlines obligations.,Non-Compete
301,This agreement contains a non-compete clause applicable to both parties and outlines obligations.,Non-Compete
302,This agreement contains a termination clause applicable to both parties and outlines obligations.,Termination
303,This agreement contains a non-compete clause applicable to both parties and outlines obligations.,Non-Compete
304,This agreement contains a termination clause applicable to both parties and outlines obligations.,Termination
305,This agreement contains a liability clause applicable to both parties and outlines obligations.,Liability
306,This agreement contains a non-compete clause applicable to both parties and outlines obligations.,Non-Compete
307,This agreement contains a non-compete clause applicable to both parties and outlines obligations.,Non-Compete
308,This agreement contains a non-compete clause applicable to both parties and outlines obligations.,Non-Compete
309,This agreement contains a confidentiality clause applicable to both parties and outlines obligations.,Confidentiality
310,This agreement contains a confidentiality clause applicable to both parties and outlines obligations.,Confidentiality
311,This agreement contains a payment clause applicable to both parties and outlines obligations.,Payment
312,This agreement contains a confidentiality clause applicable to both parties and outlines obligations.,Confidentiality
313,This agreement contains a payment clause applicable to both parties and outlines obligations.,Payment
314,This agreement contains a confidentiality clause applicable to both parties and outlines obligations.,Confidentiality
315,This agreement contains a liability clause applicable to both parties and outlines obligations.,Liability
316,This agreement contains a payment clause applicable to both parties and outlines obligations.,Payment
317,This agreement contains a confidentiality clause applicable to both parties and outlines obligations.,Confidentiality
318,This agreement contains a liability clause applicable to both parties and outlines obligations.,Liability
319,This agreement contains a confidentiality clause applicable to both parties and outlines obligations.,Confidentiality
320,This agreement contains a termination clause applicable to both parties and outlines obligations.,Termination
321,This agreement contains a termination clause applicable to both parties and outlines obligations.,Termination
322,This agreement contains a liability clause applicable to both parties and outlines obligations.,Liability
323,This agreement contains a non-compete clause applicable to both parties and outlines obligations.,Non-Compete
324,This agreement contains a non-compete clause applicable to both parties and outlines obligations.,Non-Compete
325,This agreement contains a termination clause applicable to both parties and outlines obligations.,Termination
326,This agreement contains a termination clause applicable to both parties and outlines obligations.,Termination
327,This agreement contains a non-compete clause applicable to both parties and outlines obligations.,Non-Compete
328,This agreement contains a payment clause applicable to both parties and outlines obligations.,Payment
329,This agreement contains a non-compete clause applicable to both parties and outlines obligations.,Non-Compete
330,This agreement contains a confidentiality clause applicable to both parties and outlines obligations.,Confidentiality
331,This agreement contains a payment clause applicable to both parties and outlines obligations.,Payment
332,This agreement contains a confidentiality clause applicable to both parties and outlines obligations.,Confidentiality
333,This agreement contains a termination clause applicable to both parties and outlines obligations.,Termination
334,This agreement contains a payment clause applicable to both parties and outlines obligations.,Payment
335,This agreement contains a confidentiality clause applicable to both parties and outlines obligations.,Confidentiality
336,This agreement contains a confidentiality clause applicable to both parties and outlines obligations.,Confidentiality
337,This agreement contains a payment clause applicable to both parties and outlines obligations.,Payment
338,This agreement contains a liability clause applicable to both parties and outlines obligations.,Liability
339,This agreement contains a non-compete clause applicable to both parties and outlines obligations.,Non-Compete
340,This agreement contains a confidentiality clause applicable to both parties and outlines obligations.,Confidentiality
341,This agreement contains a non-compete clause applicable to both parties and outlines obligations.,Non-Compete
342,This agreement contains a non-compete clause applicable to both parties and outlines obligations.,Non-Compete
343,This agreement contains a termination clause applicable to both parties and outlines obligations.,Termination
344,This agreement contains a non-compete clause applicable to both parties and outlines obligations.,Non-Compete
345,This agreement contains a confidentiality clause applicable to both parties and outlines obligations.,Confidentiality
346,This agreement contains a termination clause applicable to both parties and outlines obligations.,Termination
347,This agreement contains a payment clause applicable to both parties and outlines obligations.,Payment
348,This agreement contains a confidentiality clause applicable to both parties and outlines obligations.,Confidentiality
349,This agreement contains a termination clause applicable to both parties and outlines obligations.,Termination
350,This agreement contains a termination clause applicable to both parties and outlines obligations.,Termination
351,This agreement contains a non-compete clause applicable to both parties and outlines obligations.,Non-Compete
352,This agreement contains a payment clause applicable to both parties and outlines obligations.,Payment
353,This agreement contains a confidentiality clause applicable to both parties and outlines obligations.,Confidentiality
354,This agreement contains a confidentiality clause applicable to both parties and outlines obligations.,Confidentiality
355,This agreement contains a non-compete clause applicable to both parties and outlines obligations.,Non-Compete
356,This agreement contains a payment clause applicable to both parties and outlines obligations.,Payment
357,This agreement contains a confidentiality clause applicable to both parties and outlines obligations.,Confidentiality
358,This agreement contains a payment clause applicable to both parties and outlines obligations.,Payment
359,This agreement contains a confidentiality clause applicable to both parties and outlines obligations.,Confidentiality
360,This agreement contains a non-compete clause applicable to both parties and outlines obligations.,Non-Compete
361,This agreement contains a liability clause applicable to both parties and outlines obligations.,Liability
362,This agreement contains a confidentiality clause applicable to both parties and outlines obligations.,Confidentiality
363,This agreement contains a termination clause applicable to both parties and outlines obligations.,Termination
364,This agreement contains a termination clause applicable to both parties and outlines obligations.,Termination
365,This agreement contains a liability clause applicable to both parties and outlines obligations.,Liability
366,This agreement contains a confidentiality clause applicable to both parties and outlines obligations.,Confidentiality
367,This agreement contains a termination clause applicable to both parties and outlines obligations.,Termination
368,This agreement contains a termination clause applicable to both parties and outlines obligations.,Termination
369,This agreement contains a confidentiality clause applicable to both parties and outlines obligations.,Confidentiality
370,This agreement contains a payment clause applicable to both parties and outlines obligations.,Payment
371,This agreement contains a confidentiality clause applicable to both parties and outlines obligations.,Confidentiality
372,This agreement contains a payment clause applicable to both parties and outlines obligations.,Payment
373,This agreement contains a liability clause applicable to both parties and outlines obligations.,Liability
374,This agreement contains a non-compete clause applicable to both parties and outlines obligations.,Non-Compete
375,This agreement contains a liability clause applicable to both parties and outlines obligations.,Liability
376,This agreement contains a non-compete clause applicable to both parties and outlines obligations.,Non-Compete
377,This agreement contains a termination clause applicable to both parties and outlines obligations.,Termination
378,This agreement contains a termination clause applicable to both parties and outlines obligations.,Termination
379,This agreement contains a termination clause applicable to both parties and outlines obligations.,Termination
380,This agreement contains a payment clause applicable to both parties and outlines obligations.,Payment
381,This agreement contains a non-compete clause applicable to both parties and outlines obligations.,Non-Compete
382,This agreement contains a termination clause applicable to both parties and outlines obligations.,Termination
383,This agreement contains a confidentiality clause applicable to both parties and outlines obligations.,Confidentiality
384,This agreement contains a non-compete clause applicable to both parties and outlines obligations.,Non-Compete
385,This agreement contains a non-compete clause applicable to both parties and outlines obligations.,Non-Compete
386,This agreement contains a payment clause applicable to both parties and outlines obligations.,Payment
387,This agreement contains a liability clause applicable to both parties and outlines obligations.,Liability
388,This agreement contains a payment clause applicable to both parties and outlines obligations.,Payment
389,This agreement contains a termination clause applicable to both parties and outlines obligations.,Termination
390,This agreement contains a confidentiality clause applicable to both parties and outlines obligations.,Confidentiality
391,This agreement contains a confidentiality clause applicable to both parties and outlines obligations.,Confidentiality
392,This agreement contains a termination clause applicable to both parties and outlines obligations.,Termination
393,This agreement contains a confidentiality clause applicable to both parties and outlines obligations.,Confidentiality
394,This agreement contains a payment clause applicable to both parties and outlines obligations.,Payment
395,This agreement contains a payment clause applicable to both parties and outlines obligations.,Payment
396,This agreement contains a termination clause applicable to both parties and outlines obligations.,Termination
397,This agreement contains a confidentiality clause applicable to both parties and outlines obligations.,Confidentiality
398,This agreement contains a non-compete clause applicable to both parties and outlines obligations.,Non-Compete
399,This agreement contains a liability clause applicable to both parties and outlines obligations.,Liability
400,This agreement contains a non-compete clause applicable to both parties and outlines obligations.,Non-Compete
401,This agreement contains a payment clause applicable to both parties and outlines obligations.,Payment
402,This agreement contains a payment clause applicable to both parties and outlines obligations.,Payment
403,This agreement contains a payment clause applicable to both parties and outlines obligations.,Payment
404,This agreement contains a payment clause applicable to both parties and outlines obligations.,Payment
405,This agreement contains a liability clause applicable to both parties and outlines obligations.,Liability
406,This agreement contains a termination clause applicable to both parties and outlines obligations.,Termination
407,This agreement contains a payment clause applicable to both parties and outlines obligations.,Payment
408,This agreement contains a confidentiality clause applicable to both parties and outlines obligations.,Confidentiality
409,This agreement contains a liability clause applicable to both parties and outlines obligations.,Liability
410,This agreement contains a payment clause applicable to both parties and outlines obligations.,Payment
411,This agreement contains a confidentiality clause applicable to both parties and outlines obligations.,Confidentiality
412,This agreement contains a payment clause applicable to both parties and outlines obligations.,Payment
413,This agreement contains a termination clause applicable to both parties and outlines obligations.,Termination
414,This agreement contains a liability clause applicable to both parties and outlines obligations.,Liability
415,This agreement contains a termination clause applicable to both parties and outlines obligations.,Termination
416,This agreement contains a liability clause applicable to both parties and outlines obligations.,Liability
417,This agreement contains a payment clause applicable to both parties and outlines obligations.,Payment
418,This agreement contains a payment clause applicable to both parties and outlines obligations.,Payment
419,This agreement contains a liability clause applicable to both parties and outlines obligations.,Liability
420,This agreement contains a confidentiality clause applicable to both parties and outlines obligations.,Confidentiality
421,This agreement contains a confidentiality clause applicable to both parties and outlines obligations.,Confidentiality
422,This agreement contains a payment clause applicable to both parties and outlines obligations.,Payment
423,This agreement contains a payment clause applicable to both parties and outlines obligations.,Payment
424,This agreement contains a termination clause applicable to both parties and outlines obligations.,Termination
425,This agreement contains a payment clause applicable to both parties and outlines obligations.,Payment
426,This agreement contains a liability clause applicable to both parties and outlines obligations.,Liability
427,This agreement contains a confidentiality clause applicable to both parties and outlines obligations.,Confidentiality
428,This agreement contains a confidentiality clause applicable to both parties and outlines obligations.,Confidentiality
429,This agreement contains a termination clause applicable to both parties and outlines obligations.,Termination
430,This agreement contains a confidentiality clause applicable to both parties and outlines obligations.,Confidentiality
431,This agreement contains a confidentiality clause applicable to both parties and outlines obligations.,Confidentiality
432,This agreement contains a non-compete clause applicable to both parties and outlines obligations.,Non-Compete
433,This agreement contains a liability clause applicable to both parties and outlines obligations.,Liability
434,This agreement contains a non-compete clause applicable to both parties and outlines obligations.,Non-Compete
435,This agreement contains a confidentiality clause applicable to both parties and outlines obligations.,Confidentiality
436,This agreement contains a termination clause applicable to both parties and outlines obligations.,Termination
437,This agreement contains a termination clause applicable to both parties and outlines obligations.,Termination
438,This agreement contains a confidentiality clause applicable to both parties and outlines obligations.,Confidentiality
439,This agreement contains a payment clause applicable to both parties and outlines obligations.,Payment
440,This agreement contains a non-compete clause applicable to both parties and outlines obligations.,Non-Compete
441,This agreement contains a confidentiality clause applicable to both parties and outlines obligations.,Confidentiality
442,This agreement contains a termination clause applicable to both parties and outlines obligations.,Termination
443,This agreement contains a termination clause applicable to both parties and outlines obligations.,Termination
444,This agreement contains a non-compete clause applicable to both parties and outlines obligations.,Non-Compete
445,This agreement contains a liability clause applicable to both parties and outlines obligations.,Liability
446,This agreement contains a confidentiality clause applicable to both parties and outlines obligations.,Confidentiality
447,This agreement contains a confidentiality clause applicable to both parties and outlines obligations.,Confidentiality
448,This agreement contains a liability clause applicable to both parties and outlines obligations.,Liability
449,This agreement contains a non-compete clause applicable to both parties and outlines obligations.,Non-Compete
450,This agreement contains a non-compete clause applicable to both parties and outlines obligations.,Non-Compete
451,This agreement contains a termination clause applicable to both parties and outlines obligations.,Termination
452,This agreement contains a liability clause applicable to both parties and outlines obligations.,Liability
453,This agreement contains a non-compete clause applicable to both parties and outlines obligations.,Non-Compete
454,This agreement contains a payment clause applicable to both parties and outlines obligations.,Payment
455,This agreement contains a confidentiality clause applicable to both parties and outlines obligations.,Confidentiality
456,This agreement contains a termination clause applicable to both parties and outlines obligations.,Termination
457,This agreement contains a liability clause applicable to both parties and outlines obligations.,Liability
458,This agreement contains a termination clause applicable to both parties and outlines obligations.,Termination
459,This agreement contains a non-compete clause applicable to both parties and outlines obligations.,Non-Compete
460,This agreement contains a non-compete clause applicable to both parties and outlines obligations.,Non-Compete
461,This agreement contains a payment clause applicable to both parties and outlines obligations.,Payment
462,This agreement contains a confidentiality clause applicable to both parties and outlines obligations.,Confidentiality
463,This agreement contains a liability clause applicable to both parties and outlines obligations.,Liability
464,This agreement contains a termination clause applicable to both parties and outlines obligations.,Termination
465,This agreement contains a confidentiality clause applicable to both parties and outlines obligations.,Confidentiality
466,This agreement contains a non-compete clause applicable to both parties and outlines obligations.,Non-Compete
467,This agreement contains a confidentiality clause applicable to both parties and outlines obligations.,Confidentiality
468,This agreement contains a termination clause applicable to both parties and outlines obligations.,Termination
469,This agreement contains a confidentiality clause applicable to both parties and outlines obligations.,Confidentiality
470,This agreement contains a non-compete clause applicable to both parties and outlines obligations.,Non-Compete
471,This agreement contains a confidentiality clause applicable to both parties and outlines obligations.,Confidentiality
472,This agreement contains a liability clause applicable to both parties and outlines obligations.,Liability
473,This agreement contains a confidentiality clause applicable to both parties and outlines obligations.,Confidentiality
474,This agreement contains a liability clause applicable to both parties and outlines obligations.,Liability
475,This agreement contains a confidentiality clause applicable to both parties and outlines obligations.,Confidentiality
476,This agreement contains a non-compete clause applicable to both parties and outlines obligations.,Non-Compete
477,This agreement contains a payment clause applicable to both parties and outlines obligations.,Payment
478,This agreement contains a payment clause applicable to both parties and outlines obligations.,Payment
479,This agreement contains a liability clause applicable to both parties and outlines obligations.,Liability
480,This agreement contains a liability clause applicable to both parties and outlines obligations.,Liability
481,This agreement contains a payment clause applicable to both parties and outlines obligations.,Payment
482,This agreement contains a non-compete clause applicable to both parties and outlines obligations.,Non-Compete
483,This agreement contains a non-compete clause applicable to both parties and outlines obligations.,Non-Compete
484,This agreement contains a confidentiality clause applicable to both parties and outlines obligations.,Confidentiality
485,This agreement contains a liability clause applicable to both parties and outlines obligations.,Liability
486,This agreement contains a non-compete clause applicable to both parties and outlines obligations.,Non-Compete
487,This agreement contains a termination clause applicable to both parties and outlines obligations.,Termination
488,This agreement contains a confidentiality clause applicable to both parties and outlines obligations.,Confidentiality
489,This agreement contains a confidentiality clause applicable to both parties and outlines obligations.,Confidentiality
490,This agreement contains a payment clause applicable to both parties and outlines obligations.,Payment
491,This agreement contains a liability clause applicable to both parties and outlines obligations.,Liability
492,This agreement contains a non-compete clause applicable to both parties and outlines obligations.,Non-Compete
493,This agreement contains a non-compete clause applicable to both parties and outlines obligations.,Non-Compete
494,This agreement contains a confidentiality clause applicable to both parties and outlines obligations.,Confidentiality
495,This agreement contains a liability clause applicable to both parties and outlines obligations.,Liability
496,This agreement contains a liability clause applicable to both parties and outlines obligations.,Liability
497,This agreement contains a liability clause applicable to both parties and outlines obligations.,Liability
498,This agreement contains a payment clause applicable to both parties and outlines obligations.,Payment
499,This agreement contains a non-compete clause applicable to both parties and outlines obligations.,Non-Compete
500,This agreement contains a liability clause applicable to both parties and outlines obligations.,Liability
